[
	{
	"code":"DEL",
	"name" : "New Delhi Railway Station" ,
	"city" : "Delhi",
	"seats": "20" ,
	"price" : "200" ,
	"destination" :"MUM" },
	{
	"code":"DEL",
	"name" : "New Delhi Railway Station" ,
	"city" : "Delhi",
	"seats": "20" ,
	"price" : "200" ,
	"destination" :"GOA" },
	
	{
	"code":"DEL",
	"name" : "New Delhi Railway Station" ,
	"city" : "Delhi",
	"seats": "20" ,
	"price" : "200" ,
	"destination" :"BANG" },
	{
	"code":"DEL",
	"name" : "New Delhi Railway Station" ,
	"city" : "Delhi",
	"seats": "20" ,
	"price" : "200" ,
	"destination" :"LUC" },
	{
	"code":"MUM",
	"name" : "Mumbai Railway Station" ,
	"city" : "Mumbai",
	"seats": "20" ,
	"price" : "200" ,
	"destination" : "DEL" } ,
	{
	"code":"MUM",
	"name" : "Mumbai Railway Station" ,
	"city" : "Mumbai",
	"seats": "20" ,
	"price" : "200" ,
	"destination" : "GOA" } ,
	{
	"code":"MUM",
	"name" : "Mumbai Railway Station" ,
	"city" : "Mumbai",
	"seats": "20" ,
	"price" : "200" ,
	"destination" : "BANG" } ,
{
	"code":"GOA",
	"name" : "Goa Railway Station" ,
	"city" : "Goa",
	"seats": "20" ,
	"price" : "200" ,
	"destination" : "DEL" } ,
	{
	"code":"GOA",
	"name" : "Goa Railway Station" ,
	"city" : "Goa",
	"seats": "20" ,
	"price" : "200" ,
	"destination" : "MUM" } ,
	
	{
	"code":"GOA",
	"name" : "Goa Railway Station" ,
	"city" : "Goa",
	"seats": "20" ,
	"price" : "200" ,
	"destination" : "LUC" } ,
	
	


	{
	"code":"BANG",
	"name" : "Banglore Railway Station" ,
	"city" : "Banglore",
	"seats": "20" ,
	"price" : "200" ,
	"destination" :"DEL" } ,
	{
	"code":"BANG",
	"name" : "Banglore Railway Station" ,
	"city" : "Banglore",
	"seats": "20" ,
	"price" : "200" ,
	"destination" :"GOA" } ,
	
	{
	"code":"LUC",
	"name" : "Lucknow Railway Station" ,
	"city" : "Lucknow",
	"seats": "20" ,
	"price" : "200" ,
	"destination" :"DEL"} ,
	{
	"code":"LUC",
	"name" : "Lucknow Railway Station" ,
	"city" : "Lucknow",
	"seats": "20" ,
	"price" : "200" ,
	"destination" :"PUNE"} ,
	{
	"code":"LUC",
	"name" : "Lucknow Railway Station" ,
	"city" : "Lucknow",
	"seats": "20" ,
	"price" : "200" ,
	"destination" :"MUM"} ,
	{
	"code":"LUC",
	"name" : "Lucknow Railway Station" ,
	"city" : "Lucknow",
	"seats": "20" ,
	"price" : "200" ,
	"destination" :"BANG"} ,
{
	"code":"GUJ",
	"name" : "Gujarat Railway Station" ,
	"city" : "Gujarat",
	"seats": "20" ,
	"price" : "200" ,
	"destination" :"DEL"} ,
	
	{
	"code":"PUNE",
	"name" : "Pune Railway Station" ,
	"city" : "Pune",
	"seats": "20" ,
	"price" : "200" ,
	"destination" : "DEL"} ,
	{
	"code":"PUNE",
	"name" : "Pune Railway Station" ,
	"city" : "Pune",
	"seats": "20" ,
	"price" : "200" ,
	"destination" : "BANG"} ,
	{
	"code":"PUNE",
	"name" : "Pune Railway Station" ,
	"city" : "Pune",
	"seats": "20" ,
	"price" : "200" ,
	"destination" : "GUJ"} 

	]